{"1": {"timestamp": 1, "envelope": 29, "humidity": 25.299999237060547, "fahrenheit": 73.93999862670898, "celsius": 23.200000762939453, "light": 906}, "2": {"timestamp": 2, "envelope": 39, "humidity": 25.399999618530273, "fahrenheit": 73.76000137329102, "celsius": 23.200000762939453, "light": 905}, "3": {"timestamp": 3, "envelope": 49, "humidity": 25.100000381469727, "fahrenheit": 73.58000068664552, "celsius": 23.200000762939453, "light": 906}, "4": {"timestamp": 4, "envelope": 42, "humidity": 25.799999237060547, "fahrenheit": 73.76000137329102, "celsius": 23.100000381469727, "light": 906}, "5": {"timestamp": 5, "envelope": 39, "humidity": 24.600000381469727, "fahrenheit": 73.76000137329102, "celsius": 23.100000381469727, "light": 906}, "6": {"timestamp": 6, "envelope": 43, "humidity": 24.399999618530273, "fahrenheit": 73.93999862670898, "celsius": 23.200000762939453, "light": 900}, "7": {"timestamp": 7, "envelope": 45, "humidity": 24.299999237060547, "fahrenheit": 73.76000137329102, "celsius": 23.200000762939453, "light": 896}, "8": {"timestamp": 8, "envelope": 49, "humidity": 24.299999237060547, "fahrenheit": 73.93999862670898, "celsius": 23.200000762939453, "light": 908}, "9": {"timestamp": 9, "envelope": 41, "humidity": 23.899999618530273, "fahrenheit": 73.93999862670898, "celsius": 23.299999237060547, "light": 911}, "10": {"timestamp": 10, "envelope": 50, "humidity": 24.299999237060547, "fahrenheit": 73.76000137329102, "celsius": 23.200000762939453, "light": 909}, "11": {"timestamp": 11, "envelope": 48, "humidity": 25.899999618530273, "fahrenheit": 73.76000137329102, "celsius": 23.200000762939453, "light": 906}, "12": {"timestamp": 12, "envelope": 49, "humidity": 24.200000762939453, "fahrenheit": 73.93999862670898, "celsius": 23.200000762939453, "light": 908}, "13": {"timestamp": 13, "envelope": 39, "humidity": 25.5, "fahrenheit": 74.1199993133545, "celsius": 23.299999237060547, "light": 1023}, "14": {"timestamp": 14, "envelope": 57, "humidity": 25.100000381469727, "fahrenheit": 74.1199993133545, "celsius": 23.299999237060547, "light": 1023}, "15": {"timestamp": 15, "envelope": 42, "humidity": 25.200000762939453, "fahrenheit": 74.30000000000001, "celsius": 23.399999618530273, "light": 1023}, "16": {"timestamp": 16, "envelope": 37, "humidity": 24.899999618530273, "fahrenheit": 74.30000000000001, "celsius": 23.5, "light": 1023}, "17": {"timestamp": 17, "envelope": 52, "humidity": 24.600000381469727, "fahrenheit": 74.30000000000001, "celsius": 23.399999618530273, "light": 921}, "18": {"timestamp": 18, "envelope": 40, "humidity": 24.299999237060547, "fahrenheit": 74.48000068664551, "celsius": 23.5, "light": 1023}, "19": {"timestamp": 19, "envelope": 38, "humidity": 24.100000381469727, "fahrenheit": 74.48000068664551, "celsius": 23.5, "light": 1023}, "20": {"timestamp": 20, "envelope": 44, "humidity": 24.799999237060547, "fahrenheit": 74.48000068664551, "celsius": 23.5, "light": 1023}, "21": {"timestamp": 21, "envelope": 50, "humidity": 24.200000762939453, "fahrenheit": 74.30000000000001, "celsius": 23.5, "light": 1023}, "22": {"timestamp": 22, "envelope": 40, "humidity": 24.700000762939453, "fahrenheit": 74.30000000000001, "celsius": 23.5, "light": 1023}, "23": {"timestamp": 23, "envelope": 45, "humidity": 24.100000381469727, "fahrenheit": 74.48000068664551, "celsius": 23.5, "light": 1022}, "24": {"timestamp": 24, "envelope": 37, "humidity": 23.899999618530273, "fahrenheit": 74.66000137329101, "celsius": 23.5, "light": 1023}, "25": {"timestamp": 25, "envelope": 51, "humidity": 24.5, "fahrenheit": 74.66000137329101, "celsius": 23.600000381469727, "light": 899}, "26": {"timestamp": 26, "envelope": 37, "humidity": 25.200000762939453, "fahrenheit": 74.48000068664551, "celsius": 23.600000381469727, "light": 907}, "27": {"timestamp": 27, "envelope": 41, "humidity": 24.0, "fahrenheit": 74.66000137329101, "celsius": 23.600000381469727, "light": 904}, "28": {"timestamp": 28, "envelope": 47, "humidity": 24.799999237060547, "fahrenheit": 74.66000137329101, "celsius": 23.600000381469727, "light": 824}, "29": {"timestamp": 29, "envelope": 44, "humidity": 24.299999237060547, "fahrenheit": 74.66000137329101, "celsius": 23.600000381469727, "light": 906}, "30": {"timestamp": 30, "envelope": 46, "humidity": 24.299999237060547, "fahrenheit": 74.48000068664551, "celsius": 23.600000381469727, "light": 909}, "31": {"timestamp": 31, "envelope": 39, "humidity": 24.399999618530273, "fahrenheit": 74.48000068664551, "celsius": 23.600000381469727, "light": 909}, "32": {"timestamp": 32, "envelope": 39, "humidity": 24.299999237060547, "fahrenheit": 74.48000068664551, "celsius": 23.5, "light": 909}, "33": {"timestamp": 33, "envelope": 38, "humidity": 25.700000762939453, "fahrenheit": 74.30000000000001, "celsius": 23.5, "light": 906}, "34": {"timestamp": 34, "envelope": 40, "humidity": 25.299999237060547, "fahrenheit": 74.48000068664551, "celsius": 23.5, "light": 907}, "35": {"timestamp": 35, "envelope": 53, "humidity": 26.600000381469727, "fahrenheit": 74.30000000000001, "celsius": 23.5, "light": 907}, "36": {"timestamp": 36, "envelope": 43, "humidity": 25.299999237060547, "fahrenheit": 74.48000068664551, "celsius": 23.5, "light": 907}, "37": {"timestamp": 37, "envelope": 42, "humidity": 25.100000381469727, "fahrenheit": 74.66000137329101, "celsius": 23.600000381469727, "light": 908}, "38": {"timestamp": 38, "envelope": 33, "humidity": 25.100000381469727, "fahrenheit": 74.66000137329101, "celsius": 23.700000762939453, "light": 906}, "39": {"timestamp": 39, "envelope": 52, "humidity": 25.200000762939453, "fahrenheit": 74.66000137329101, "celsius": 23.700000762939453, "light": 906}, "40": {"timestamp": 40, "envelope": 32, "humidity": 25.700000762939453, "fahrenheit": 74.83999862670899, "celsius": 23.700000762939453, "light": 593}, "41": {"timestamp": 41, "envelope": 39, "humidity": 25.100000381469727, "fahrenheit": 74.83999862670899, "celsius": 23.799999237060547, "light": 906}, "42": {"timestamp": 42, "envelope": 43, "humidity": 25.600000381469727, "fahrenheit": 75.0199993133545, "celsius": 23.799999237060547, "light": 899}, "43": {"timestamp": 43, "envelope": 42, "humidity": 26.0, "fahrenheit": 75.0199993133545, "celsius": 23.799999237060547, "light": 906}, "44": {"timestamp": 44, "envelope": 47, "humidity": 25.299999237060547, "fahrenheit": 75.0199993133545, "celsius": 23.799999237060547, "light": 904}, "45": {"timestamp": 45, "envelope": 49, "humidity": 25.200000762939453, "fahrenheit": 75.0199993133545, "celsius": 23.899999618530273, "light": 914}, "46": {"timestamp": 46, "envelope": 40, "humidity": 25.399999618530273, "fahrenheit": 75.2, "celsius": 23.899999618530273, "light": 915}, "47": {"timestamp": 47, "envelope": 44, "humidity": 25.899999618530273, "fahrenheit": 75.0199993133545, "celsius": 23.899999618530273, "light": 905}, "48": {"timestamp": 48, "envelope": 40, "humidity": 26.200000762939453, "fahrenheit": 75.0199993133545, "celsius": 23.899999618530273, "light": 906}, "49": {"timestamp": 49, "envelope": 48, "humidity": 25.100000381469727, "fahrenheit": 74.83999862670899, "celsius": 23.899999618530273, "light": 909}, "50": {"timestamp": 50, "envelope": 36, "humidity": 25.899999618530273, "fahrenheit": 74.83999862670899, "celsius": 23.799999237060547, "light": 908}, "51": {"timestamp": 51, "envelope": 35, "humidity": 27.0, "fahrenheit": 75.0199993133545, "celsius": 23.799999237060547, "light": 906}, "52": {"timestamp": 52, "envelope": 31, "humidity": 25.200000762939453, "fahrenheit": 74.83999862670899, "celsius": 23.799999237060547, "light": 884}, "53": {"timestamp": 53, "envelope": 50, "humidity": 25.700000762939453, "fahrenheit": 74.66000137329101, "celsius": 23.700000762939453, "light": 914}, "54": {"timestamp": 54, "envelope": 38, "humidity": 25.299999237060547, "fahrenheit": 74.66000137329101, "celsius": 23.700000762939453, "light": 913}, "55": {"timestamp": 55, "envelope": 34, "humidity": 27.5, "fahrenheit": 74.30000000000001, "celsius": 23.700000762939453,